{"_step":4,"RMSE":0.6212881086800456,"Iteration":5,"_timestamp":1.7339183231135476e+09,"_wandb":{"runtime":40},"_runtime":37.788048692}