{"_wandb":{"runtime":49},"_runtime":45.134443821,"_step":4,"RMSE":0.6184066996626337,"Iteration":5,"_timestamp":1.7339186696100407e+09}