{"_step":4,"_wandb":{"runtime":120},"RMSE":0.6245033209658132,"Iteration":5,"_timestamp":1.7345384789375026e+09,"_runtime":114.299837577}